{"cameraMode":{"drawMode":0,"name":"Shaded","section":"Shading Mode"},"sceneLighting":true,"audioPlay":false,"sceneViewState":{"showFog":true,"showMaterialUpdate":true,"showSkybox":true,"showFlares":true,"showImageEffects":true,"showParticleSystems":true},"in2DMode":false,"pivot":{"x":25.244029998779298,"y":15.209972381591797,"z":-21.86742401123047},"rotation":{"x":0.16657400131225587,"y":0.023662470281124116,"z":-0.0039987931959331039,"w":0.9857369065284729},"size":57.769283294677737,"orthographic":false}